Year,Mass balance (Gt/yr),Mass balance uncertainty (Gt/yr),Cumulative mass balance (Gt),Cumulative mass balance uncertainty (Gt)
1992,22.5333,127.4965,1.8778,36.8051
1992.0833,22.5333,127.4965,3.7556,52.0502
1992.1667,22.5333,127.4965,5.6333,63.7483
1992.25,-138.422,118.0717,-5.9018,72.2882
1992.3333,-138.422,118.0717,-17.437,79.9208
1992.4167,-63.229,102.8949,-22.7061,85.262
1992.5,-63.229,102.8949,-27.9752,90.2878
1992.5833,-63.229,102.8949,-33.2442,95.0483
1992.6667,-63.229,102.8949,-38.5133,99.5814
1992.75,-63.229,102.8949,-43.7824,103.9169
1992.8333,-63.229,102.8949,-49.0515,108.0787
1992.9167,-63.229,102.8949,-54.3206,112.0861
1993,-104.5494,103.9689,-63.033,116.0348
1993.0833,-104.5494,103.9689,-71.7455,119.8536
1993.1667,-104.5494,103.9689,-80.458,123.5543
1993.25,-104.5494,103.9689,-89.1704,127.1474
1993.3333,-104.5494,103.9689,-97.8829,130.6417
1993.4167,-104.5494,103.9689,-106.5953,134.045
1993.5,-104.5494,103.9689,-115.3078,137.3639
1993.5833,-104.5494,103.9689,-124.0202,140.6046
1993.6667,-104.5494,103.9689,-132.7327,143.7722
1993.75,-104.5494,103.9689,-141.4451,146.8715
1993.8333,-104.5494,103.9689,-150.1576,149.9068
1993.9167,-104.5494,103.9689,-158.87,152.8817
1994,-195.5413,102.8685,-175.1651,155.7391
1994.0833,-195.5413,102.8685,-191.4603,158.5449
1994.1667,-195.5413,102.8685,-207.7554,161.3019
1994.25,-195.5413,102.8685,-224.0505,164.0126
1994.3333,-195.5413,102.8685,-240.3456,166.6792
1994.4167,-195.5413,102.8685,-256.6407,169.3038
1994.5,-195.5413,102.8685,-272.9358,171.8884
1994.5833,-195.5413,102.8685,-289.2309,174.4347
1994.6667,-195.5413,102.8685,-305.526,176.9443
1994.75,-195.5413,102.8685,-321.8211,179.4188
1994.8333,-195.5413,102.8685,-338.1163,181.8596
1994.9167,-195.5413,102.8685,-354.4114,184.2682
1995,-142.9034,116.2499,-366.32,187.299
1995.0833,-142.9034,116.2499,-378.2286,190.2816
1995.1667,-142.9034,116.2499,-390.1372,193.2182
1995.25,-142.9034,116.2499,-402.0458,196.1108
1995.3333,-142.9034,116.2499,-413.9544,198.9613
1995.4167,-116.3054,116.1306,-423.6466,201.7659
1995.5,-116.3054,116.1306,-433.3387,204.532
1995.5833,-116.3054,116.1306,-443.0308,207.2612
1995.6667,-116.3054,116.1306,-452.7229,209.9549
1995.75,-116.3054,116.1306,-462.415,212.6145
1995.8333,-116.3054,116.1306,-472.1071,215.2412
1995.9167,-116.3054,116.1306,-481.7992,217.8362
1996,-59.9941,117.225,-486.7987,220.449
1996.0833,-59.9941,117.225,-491.7983,223.0312
1996.1667,-59.9941,117.225,-496.7978,225.5838
1996.25,-59.9941,117.225,-501.7973,228.1079
1996.3333,-59.9941,117.225,-506.7968,230.6043
1996.4167,-59.9941,117.225,-511.7963,233.074
1996.5,-29.3271,117.1295,-514.2402,235.5138
1996.5833,-29.3271,117.1295,-516.6841,237.9286
1996.6667,-29.3271,117.1295,-519.1281,240.3192
1996.75,-29.3271,117.1295,-521.572,242.6862
1996.8333,-29.3271,117.1295,-524.0159,245.0303
1996.9167,-29.3271,117.1295,-526.4598,247.3523
1997,-12.2324,117.5744,-527.4792,249.67
1997.0833,-12.2324,117.5744,-528.4986,251.9665
1997.1667,-12.2324,117.5744,-529.5179,254.2422
1997.25,-12.2324,117.5744,-530.5373,256.4977
1997.3333,-12.2324,117.5744,-531.5566,258.7335
1997.4167,-12.2324,117.5744,-532.576,260.9502
1997.5,-12.2324,117.5744,-533.5954,263.1482
1997.5833,-12.2324,117.5744,-534.6147,265.3281
1997.6667,-12.2324,117.5744,-535.6341,267.4901
1997.75,-12.2324,117.5744,-536.6535,269.6348
1997.8333,-12.2324,117.5744,-537.6728,271.7626
1997.9167,-12.2324,117.5744,-538.6922,273.8739
1998,-67.4408,118.0534,-544.3123,275.986
1998.0833,-67.4408,118.0534,-549.9323,278.0821
1998.1667,-67.4408,118.0534,-555.5524,280.1625
1998.25,-67.4408,118.0534,-561.1725,282.2276
1998.3333,-67.4408,118.0534,-566.7925,284.2777
1998.4167,-67.4408,118.0534,-572.4126,286.3131
1998.5,-67.4408,118.0534,-578.0327,288.3341
1998.5833,-67.4408,118.0534,-583.6527,290.3411
1998.6667,-67.4408,118.0534,-589.2728,292.3343
1998.75,-67.4408,118.0534,-594.8929,294.314
1998.8333,-67.4408,118.0534,-600.513,296.2805
1998.9167,-67.4408,118.0534,-606.133,298.234
1999,-95.2343,118.5236,-614.0692,300.1902
1999.0833,-95.2343,118.5236,-622.0054,302.1338
1999.1667,-95.2343,118.5236,-629.9416,304.0649
1999.25,-95.2343,118.5236,-637.8778,305.9839
1999.3333,-95.2343,118.5236,-645.814,307.8908
1999.4167,-95.2343,118.5236,-653.7502,309.7861
1999.5,-95.2343,118.5236,-661.6864,311.6698
1999.5833,-95.2343,118.5236,-669.6225,313.5422
1999.6667,-95.2343,118.5236,-677.5587,315.4035
1999.75,-95.2343,118.5236,-685.4949,317.2539
1999.8333,-95.2343,118.5236,-693.4311,319.0936
1999.9167,-95.2343,118.5236,-701.3673,320.9227
2000,-53.6255,116.2515,-705.8361,322.6725
2000.0833,-53.6255,116.2515,-710.3049,324.4129
2000.1667,-53.6255,116.2515,-714.7737,326.1441
2000.25,-53.6255,116.2515,-719.2425,327.8661
2000.3333,-53.6255,116.2515,-723.7113,329.5791
2000.4167,-53.6255,116.2515,-728.18,331.2832
2000.5,-53.6255,116.2515,-732.6488,332.9786
2000.5833,-53.6255,116.2515,-737.1176,334.6654
2000.6667,-53.6255,116.2515,-741.5864,336.3438
2000.75,-53.6255,116.2515,-746.0552,338.0138
2000.8333,-53.6255,116.2515,-750.524,339.6757
2000.9167,-53.6255,116.2515,-754.9928,341.3294
2001,-108.3174,117.8697,-764.0192,343.0212
2001.0833,-108.3174,117.8697,-773.0457,344.7047
2001.1667,-108.3174,117.8697,-782.0721,346.38
2001.25,-108.3174,117.8697,-791.0986,348.0472
2001.3333,-108.3174,117.8697,-800.1251,349.7065
2001.4167,-108.3174,117.8697,-809.1515,351.3579
2001.5,-108.3174,117.8697,-818.178,353.0017
2001.5833,-108.3174,117.8697,-827.2044,354.6378
2001.6667,-108.3174,117.8697,-836.2309,356.2663
2001.75,-108.3174,117.8697,-845.2573,357.8875
2001.8333,-108.3174,117.8697,-854.2838,359.5014
2001.9167,-108.3174,117.8697,-863.3102,361.1081
2002,-158.4765,133.4251,-876.5166,363.1564
2002.0833,-158.4765,133.4251,-889.723,365.1932
2002.1667,-158.4765,133.4251,-902.9294,367.2187
2002.25,-158.4765,133.4251,-916.1357,369.2331
2002.3333,-158.4765,133.4251,-929.3421,371.2366
2002.4167,-168.316,133.3177,-943.3685,373.2262
2002.5,-168.316,133.3177,-957.3948,375.2051
2002.5833,-169.0152,132.4877,-971.4794,377.1494
2002.6667,-169.0152,132.4877,-985.564,379.0836
2002.75,-169.0152,132.4877,-999.6486,381.0081
2002.8333,-169.0152,132.4877,-1013.7332,382.9228
2002.9167,-169.0152,132.4877,-1027.8178,384.8281
2003,-209.4546,135.0205,-1045.2723,386.7969
2003.0833,-214.2139,134.1728,-1063.1235,388.7313
2003.1667,-221.5901,133.913,-1081.5893,390.6488
2003.25,-217.5522,122.7956,-1099.7187,392.2538
2003.3333,-215.7615,123.2848,-1117.6988,393.865
2003.4167,-215.6953,123.0271,-1135.6734,395.4629
2003.5,-216.001,122.3375,-1153.6735,397.0367
2003.5833,-223.8389,121.628,-1172.3267,398.5861
2003.6667,-225.0432,121.3186,-1191.0803,400.1218
2003.75,-255.5773,125.2094,-1212.3784,401.751
2003.8333,-252.529,125.2676,-1233.4225,403.3752
2003.9167,-246.3243,124.4813,-1253.9495,404.9726
2004,-245.2137,125.0607,-1274.384,406.5786
2004.0833,-244.2804,124.6843,-1294.7407,408.1687
2004.1667,-248.4617,125.2604,-1315.4459,409.7673
2004.25,-251.7145,126.7457,-1336.4221,411.3975
2004.3333,-252.8025,127.3042,-1357.489,413.0356
2004.4167,-253.5782,127.9886,-1378.6205,414.6849
2004.5,-253.4511,127.8041,-1399.7414,416.3228
2004.5833,-254.8968,127.2402,-1420.9828,417.94
2004.6667,-255.3089,127.0616,-1442.2585,419.5465
2004.75,-253.0277,126.9916,-1463.3442,421.1451
2004.8333,-248.2592,126.0584,-1484.0325,422.7143
2004.9167,-242.0565,124.8139,-1504.2038,424.2471
2005,-250.5223,124.0063,-1525.0807,425.7547
2005.0833,-249.3962,123.2694,-1545.8637,427.2392
2005.1667,-249.7743,123.3308,-1566.6782,428.72
2005.25,-251.0439,123.4282,-1587.5985,430.1981
2005.3333,-251.4981,122.942,-1608.5567,431.6596
2005.4167,-252.3712,122.0933,-1629.5877,433.0961
2005.5,-253.5337,121.5941,-1650.7155,434.5162
2005.5833,-257.9842,122.3182,-1672.2141,435.9485
2005.6667,-262.7563,122.793,-1694.1105,437.3873
2005.75,-264.3879,123.499,-1716.1428,438.8378
2005.8333,-263.6175,123.5931,-1738.1109,440.2858
2005.9167,-259.0619,123.4748,-1759.6994,441.7262
2006,-282.247,125.21,-1783.22,443.2026
2006.0833,-284.9161,124.0951,-1806.963,444.648
2006.1667,-289.1375,125.1315,-1831.0578,446.1128
2006.25,-293.524,126.7472,-1855.5181,447.6108
2006.3333,-316.4667,127.7368,-1881.8904,449.1271
2006.4167,-321.1491,127.0933,-1908.6528,450.6231
2006.5,-325.5881,126.217,-1935.7851,452.0937
2006.5833,-332.0483,127.6109,-1963.4558,453.5921
2006.6667,-335.1976,127.6114,-1991.389,455.0855
2006.75,-336.3036,127.7835,-2019.4143,456.5781
2006.8333,-334.8931,127.0573,-2047.322,458.049
2006.9167,-333.9542,125.6206,-2075.1515,459.4822
2007,-344.9095,120.6735,-2103.894,460.8008
2007.0833,-347.8364,121.2178,-2132.8804,462.1276
2007.1667,-354.9115,122.373,-2162.4563,463.4758
2007.25,-359.356,122.3005,-2192.4027,464.8185
2007.3333,-362.1848,121.8666,-2222.5847,466.1479
2007.4167,-363.1218,120.8111,-2252.8449,467.4507
2007.5,-362.9176,120.3768,-2283.088,468.7406
2007.5833,-363.3253,120.6866,-2313.3651,470.0335
2007.6667,-363.7711,120.4175,-2343.6794,471.3171
2007.75,-361.4787,121.405,-2373.8026,472.6184
2007.8333,-358.2189,122.8005,-2403.6542,473.946
2007.9167,-354.237,124.0311,-2433.1739,475.2965
2008,-353.2449,124.9168,-2462.611,476.6625
2008.0833,-350.0028,126.8214,-2491.7779,478.0663
2008.1667,-350.3726,129.749,-2520.9756,479.5313
2008.25,-351.1744,131.6495,-2550.2401,481.0349
2008.3333,-351.5793,132.0094,-2579.5384,482.542
2008.4167,-351.5318,132.6696,-2608.8327,484.0595
2008.5,-351.0186,132.4721,-2638.0843,485.5677
2008.5833,-352.4677,132.8479,-2667.4566,487.0798
2008.6667,-352.7795,133.2007,-2696.8549,488.5952
2008.75,-351.2245,134.2465,-2726.1236,490.1296
2008.8333,-356.7729,132.3113,-2755.8547,491.6156
2008.9167,-351.8719,130.7485,-2785.1773,493.0624
2009,-344.2414,132.6945,-2813.8641,494.5481
2009.0833,-346.7191,134.6898,-2842.7574,496.0742
2009.1667,-352.5184,137.2903,-2872.1339,497.6548
2009.25,-356.5961,138.712,-2901.8502,499.2632
2009.3333,-369.1787,139.4578,-2932.6151,500.8837
2009.4167,-373.1349,139.7675,-2963.7097,502.5061
2009.5,-375.8826,140.175,-2995.0332,504.1327
2009.5833,-380.2069,141.1548,-3026.7171,505.7768
2009.6667,-383.6344,142.1641,-3058.6867,507.4391
2009.75,-386.2032,143.4226,-3090.8703,509.1253
2009.8333,-403.6644,142.6898,-3124.509,510.7889
2009.9167,-403.8191,143.2523,-3158.1606,512.4601
2010,-443.2299,139.2443,-3195.0964,514.0342
2010.0833,-447.9518,139.2554,-3232.4257,515.6037
2010.1667,-452.2725,138.569,-3270.1151,517.153
2010.25,-452.8574,137.317,-3307.8532,518.67
2010.3333,-452.8604,134.3951,-3345.5916,520.119
2010.4167,-453.8706,132.8297,-3383.4141,521.5305
2010.5,-454.3956,131.9126,-3421.2804,522.9189
2010.5833,-476.9891,125.5644,-3461.0295,524.1736
2010.6667,-478.0362,125.2962,-3500.8659,525.4201
2010.75,-477.2829,125.8147,-3540.6394,526.6739
2010.8333,-474.7368,126.5146,-3580.2008,527.9386
2010.9167,-473.4314,126.6979,-3619.6535,529.204
2011,-504.5213,129.8399,-3661.6969,530.5297
2011.0833,-503.3536,130.1095,-3703.643,531.8576
2011.1667,-504.3243,131.3556,-3745.6701,533.2076
2011.25,-505.1063,133.4632,-3787.7623,534.5977
2011.3333,-506.2926,133.3393,-3829.9533,535.9816
2011.4167,-506.6334,132.8546,-3872.1728,537.352
2011.5,-506.265,134.4538,-3914.3615,538.7519
2011.5833,-508.1201,132.5783,-3956.7048,540.1096
2011.6667,-508.9359,133.302,-3999.1162,541.4787
2011.75,-505.7851,134.6187,-4041.2649,542.8714
2011.8333,-499.6664,137.1284,-4082.9038,544.3128
2011.9167,-494.4397,136.4212,-4124.1071,545.7355
2012,-473.2962,141.3758,-4163.5485,547.2594
2012.0833,-479.1737,142.2888,-4203.4796,548.7987
2012.1667,-480.4651,141.5881,-4243.5184,550.3187
2012.25,-482.6034,140.4193,-4283.7353,551.8096
2012.3333,-506.1546,139.1394,-4325.9149,553.2695
2012.4167,-506.1793,136.8339,-4368.0965,554.6777
2012.5,-484.6925,135.1042,-4408.4875,556.0472
2012.5833,-485.2197,136.9445,-4448.9225,557.4507
2012.6667,-482.155,137.6455,-4489.1021,558.8651
2012.75,-476.9392,138.6207,-4528.847,560.2959
2012.8333,-469.0815,137.1513,-4567.9371,561.693
2012.9167,-459.0308,135.2547,-4606.1897,563.0484
2013,-400.9129,134.2147,-4639.5991,564.3799
2013.0833,-401.5707,134.4595,-4673.0633,565.713
2013.1667,-406.0644,134.7483,-4706.902,567.0488
2013.25,-404.2768,135.4381,-4740.5918,568.3951
2013.3333,-402.7161,136.4434,-4774.1514,569.7582
2013.4167,-400.9668,136.5649,-4807.5653,571.1204
2013.5,-399.6711,137.1791,-4840.8712,572.4917
2013.5833,-399.7181,138.4432,-4874.1811,573.8849
2013.6667,-399.2206,139.0591,-4907.4495,575.2872
2013.75,-396.841,137.364,-4940.5196,576.6522
2013.8333,-391.8577,133.0228,-4973.1744,577.9294
2013.9167,-391.205,132.4644,-5005.7748,579.193
2014,-372.4069,125.2027,-5036.8087,580.3196
2014.0833,-372.5173,120.6203,-5067.8518,581.3633
2014.1667,-377.4924,122.0185,-5099.3095,582.4294
2014.25,-380.7188,121.9492,-5131.0361,583.4924
2014.3333,-380.9869,122.0726,-5162.785,584.5555
2014.4167,-382.7417,122.029,-5194.6801,585.616
2014.5,-384.6695,122.2596,-5226.7359,586.6785
2014.5833,-387.3279,122.1645,-5259.0132,587.7375
2014.6667,-390.569,120.9785,-5291.5606,588.7742
2014.75,-388.9756,120.8871,-5323.9753,589.8075
2014.8333,-388.8372,121.4889,-5356.3784,590.8492
2014.9167,-386.2803,122.4372,-5388.5684,591.9054
2015,-351.106,122.784,-5417.8272,592.9657
2015.0833,-312.121,122.5411,-5443.8373,594.02
2015.1667,-312.5402,126.5686,-5469.8823,595.1426
2015.25,-312.461,126.7721,-5495.9208,596.2667
2015.3333,-312.3667,126.9782,-5521.9513,597.3923
2015.4167,-312.0091,127.1967,-5547.9521,598.5197
2015.5,-311.2577,128.2674,-5573.8902,599.664
2015.5833,-311.768,129.7594,-5599.8709,600.8327
2015.6667,-311.719,129.87,-5625.8475,602.0013
2015.75,-311.8144,132.2679,-5651.832,603.2109
2015.8333,-306.8655,133.0405,-5677.4041,604.4323
2015.9167,-300.1678,131.8637,-5702.4181,605.6297
2016,-240.9638,132.0088,-5722.4984,606.8275
2016.0833,-240.977,130.8612,-5742.5798,608.0022
2016.1667,-240.9806,131.0578,-5762.6616,609.1781
2016.25,-239.971,129.1092,-5782.6591,610.3172
2016.3333,-238.8071,128.2755,-5802.5597,611.4395
2016.4167,-236.0265,127.2422,-5822.2286,612.5418
2016.5,-235.7318,127.2817,-5841.8729,613.6429
2016.5833,-234.4319,128.4669,-5861.4089,614.7625
2016.6667,-232.2439,129.5269,-5880.7626,615.8985
2016.75,-228.8125,130.7035,-5899.8303,617.0532
2016.8333,-217.2023,131.1312,-5917.9305,618.2132
2016.9167,-216.4054,131.1641,-5935.9643,619.3716
2017,-172.5345,129.9284,-5950.3421,620.5062
2017.0833,-172.4894,131.4991,-5964.7162,621.6663
2017.1667,-174.2753,133.0549,-5979.2392,622.8518
2017.25,-176.6362,132.9551,-5993.9589,624.0332
2017.3333,-147.6489,132.9661,-6006.2629,625.2125
2017.4167,-150.8038,132.0729,-6018.8299,626.374
2017.5,-154.9613,132.3424,-6031.7434,627.5379
2017.5833,-158.0002,131.7463,-6044.9101,628.6893
2017.6667,-161.0649,130.8849,-6058.3321,629.8237
2017.75,-163.3477,128.6847,-6071.9444,630.9183
2017.8333,-161.4738,129.1639,-6085.4006,632.0191
2017.9167,-161.5272,125.3704,-6098.8612,633.0544
2018,-273.1742,134.8308,-6121.6257,634.2499
2018.0833,-281.4111,129.3923,-6145.0766,635.3488
2018.1667,-284.6922,129.5617,-6168.801,636.4487
2018.25,-284.7367,139.1739,-6192.529,637.7155
2018.3333,-286.5449,144.1214,-6216.4078,639.0712
2018.4167,-290.8806,147.064,-6240.6478,640.4797
2018.5,-294.4957,146.6931,-6265.1891,641.8781
2018.5833,-450.5816,164.1651,-6302.7376,643.6252
2018.6667,-455.6698,166.2637,-6340.7101,645.4123
2018.75,-467.2127,162.7431,-6379.6445,647.1199
2018.8333,-477.9336,161.4076,-6419.4723,648.7951
2018.9167,-494.3373,158.8632,-6460.6671,650.4139
2019,-669.5769,162.6616,-6516.4651,652.1067
2019.0833,-618.8819,159.6491,-6568.0386,653.7332
2019.1667,-607.4269,164.8325,-6618.6575,655.4627
2019.25,-606.0124,164.454,-6669.1586,657.1796
2019.3333,-605.8904,164.2133,-6719.6494,658.8871
2019.4167,-605.4997,164.3055,-6770.1077,660.5921
2019.5,-605.4997,164.3055,-6820.566,662.2927
2019.5833,-605.4997,164.3055,-6871.0243,663.9889
2019.6667,-605.4997,164.3055,-6921.4827,665.6808
2019.75,-604.6576,164.8313,-6971.8708,667.3793
2019.8333,-604.6576,164.8313,-7022.2589,669.0734
2019.9167,-606.2385,165.4846,-7072.7788,670.7766
2020,-606.2385,165.4846,-7123.2987,672.4756
2020.0833,-479.5906,201.0442,-7163.2646,674.9753
2020.1667,-479.5906,201.0442,-7203.2304,677.4658
2020.25,-479.5906,201.0442,-7243.1963,679.9471
2020.3333,-479.5906,201.0442,-7283.1622,682.4195
2020.4167,-479.5906,201.0442,-7323.1281,684.8829
2020.5,-479.5906,201.0442,-7363.094,687.3375
2020.5833,-479.5906,201.0442,-7403.0599,689.7833
2020.6667,-479.5906,201.0442,-7443.0257,692.2205
2020.75,-479.5906,201.0442,-7482.9916,694.6492
2020.8333,-479.5906,201.0442,-7522.9575,697.0694
2020.9167,-479.5906,201.0442,-7562.9234,699.4812
