Year,Mass balance (mm/yr),Mass balance uncertainty (mm/yr),Cumulative mass balance (mm),Cumulative mass balance uncertainty (mm)
1992,-0.06,-0.35,-0.01,-0.1
1992.0833,-0.06,-0.35,-0.01,-0.14
1992.1667,-0.06,-0.35,-0.02,-0.18
1992.25,0.38,-0.33,0.02,-0.2
1992.3333,0.38,-0.33,0.05,-0.22
1992.4167,0.18,-0.29,0.06,-0.24
1992.5,0.18,-0.29,0.08,-0.25
1992.5833,0.18,-0.29,0.09,-0.26
1992.6667,0.18,-0.29,0.11,-0.28
1992.75,0.18,-0.29,0.12,-0.29
1992.8333,0.18,-0.29,0.14,-0.3
1992.9167,0.18,-0.29,0.15,-0.31
1993,0.29,-0.29,0.18,-0.32
1993.0833,0.29,-0.29,0.2,-0.33
1993.1667,0.29,-0.29,0.22,-0.34
1993.25,0.29,-0.29,0.25,-0.35
1993.3333,0.29,-0.29,0.27,-0.36
1993.4167,0.29,-0.29,0.3,-0.37
1993.5,0.29,-0.29,0.32,-0.38
1993.5833,0.29,-0.29,0.34,-0.39
1993.6667,0.29,-0.29,0.37,-0.4
1993.75,0.29,-0.29,0.39,-0.41
1993.8333,0.29,-0.29,0.42,-0.42
1993.9167,0.29,-0.29,0.44,-0.42
1994,0.54,-0.29,0.49,-0.43
1994.0833,0.54,-0.29,0.53,-0.44
1994.1667,0.54,-0.29,0.58,-0.45
1994.25,0.54,-0.29,0.62,-0.46
1994.3333,0.54,-0.29,0.67,-0.46
1994.4167,0.54,-0.29,0.71,-0.47
1994.5,0.54,-0.29,0.76,-0.48
1994.5833,0.54,-0.29,0.8,-0.48
1994.6667,0.54,-0.29,0.85,-0.49
1994.75,0.54,-0.29,0.89,-0.5
1994.8333,0.54,-0.29,0.94,-0.51
1994.9167,0.54,-0.29,0.98,-0.51
1995,0.4,-0.32,1.02,-0.52
1995.0833,0.4,-0.32,1.05,-0.53
1995.1667,0.4,-0.32,1.08,-0.54
1995.25,0.4,-0.32,1.12,-0.54
1995.3333,0.4,-0.32,1.15,-0.55
1995.4167,0.32,-0.32,1.18,-0.56
1995.5,0.32,-0.32,1.2,-0.57
1995.5833,0.32,-0.32,1.23,-0.58
1995.6667,0.32,-0.32,1.26,-0.58
1995.75,0.32,-0.32,1.28,-0.59
1995.8333,0.32,-0.32,1.31,-0.6
1995.9167,0.32,-0.32,1.34,-0.61
1996,0.17,-0.33,1.35,-0.61
1996.0833,0.17,-0.33,1.37,-0.62
1996.1667,0.17,-0.33,1.38,-0.63
1996.25,0.17,-0.33,1.39,-0.63
1996.3333,0.17,-0.33,1.41,-0.64
1996.4167,0.17,-0.33,1.42,-0.65
1996.5,0.08,-0.33,1.43,-0.65
1996.5833,0.08,-0.33,1.44,-0.66
1996.6667,0.08,-0.33,1.44,-0.67
1996.75,0.08,-0.33,1.45,-0.67
1996.8333,0.08,-0.33,1.46,-0.68
1996.9167,0.08,-0.33,1.46,-0.69
1997,0.03,-0.33,1.47,-0.69
1997.0833,0.03,-0.33,1.47,-0.7
1997.1667,0.03,-0.33,1.47,-0.71
1997.25,0.03,-0.33,1.47,-0.71
1997.3333,0.03,-0.33,1.48,-0.72
1997.4167,0.03,-0.33,1.48,-0.72
1997.5,0.03,-0.33,1.48,-0.73
1997.5833,0.03,-0.33,1.49,-0.74
1997.6667,0.03,-0.33,1.49,-0.74
1997.75,0.03,-0.33,1.49,-0.75
1997.8333,0.03,-0.33,1.49,-0.75
1997.9167,0.03,-0.33,1.5,-0.76
1998,0.19,-0.33,1.51,-0.77
1998.0833,0.19,-0.33,1.53,-0.77
1998.1667,0.19,-0.33,1.54,-0.78
1998.25,0.19,-0.33,1.56,-0.78
1998.3333,0.19,-0.33,1.57,-0.79
1998.4167,0.19,-0.33,1.59,-0.8
1998.5,0.19,-0.33,1.61,-0.8
1998.5833,0.19,-0.33,1.62,-0.81
1998.6667,0.19,-0.33,1.64,-0.81
1998.75,0.19,-0.33,1.65,-0.82
1998.8333,0.19,-0.33,1.67,-0.82
1998.9167,0.19,-0.33,1.68,-0.83
1999,0.26,-0.33,1.71,-0.83
1999.0833,0.26,-0.33,1.73,-0.84
1999.1667,0.26,-0.33,1.75,-0.84
1999.25,0.26,-0.33,1.77,-0.85
1999.3333,0.26,-0.33,1.79,-0.86
1999.4167,0.26,-0.33,1.82,-0.86
1999.5,0.26,-0.33,1.84,-0.87
1999.5833,0.26,-0.33,1.86,-0.87
1999.6667,0.26,-0.33,1.88,-0.88
1999.75,0.26,-0.33,1.9,-0.88
1999.8333,0.26,-0.33,1.93,-0.89
1999.9167,0.26,-0.33,1.95,-0.89
2000,0.15,-0.32,1.96,-0.9
2000.0833,0.15,-0.32,1.97,-0.9
2000.1667,0.15,-0.32,1.99,-0.91
2000.25,0.15,-0.32,2,-0.91
2000.3333,0.15,-0.32,2.01,-0.92
2000.4167,0.15,-0.32,2.02,-0.92
2000.5,0.15,-0.32,2.04,-0.92
2000.5833,0.15,-0.32,2.05,-0.93
2000.6667,0.15,-0.32,2.06,-0.93
2000.75,0.15,-0.32,2.07,-0.94
2000.8333,0.15,-0.32,2.08,-0.94
2000.9167,0.15,-0.32,2.1,-0.95
2001,0.3,-0.33,2.12,-0.95
2001.0833,0.3,-0.33,2.15,-0.96
2001.1667,0.3,-0.33,2.17,-0.96
2001.25,0.3,-0.33,2.2,-0.97
2001.3333,0.3,-0.33,2.22,-0.97
2001.4167,0.3,-0.33,2.25,-0.98
2001.5,0.3,-0.33,2.27,-0.98
2001.5833,0.3,-0.33,2.3,-0.99
2001.6667,0.3,-0.33,2.32,-0.99
2001.75,0.3,-0.33,2.35,-0.99
2001.8333,0.3,-0.33,2.37,-1
2001.9167,0.3,-0.33,2.4,-1
2002,0.44,-0.37,2.43,-1.01
2002.0833,0.44,-0.37,2.47,-1.01
2002.1667,0.44,-0.37,2.51,-1.02
2002.25,0.44,-0.37,2.54,-1.03
2002.3333,0.44,-0.37,2.58,-1.03
2002.4167,0.47,-0.37,2.62,-1.04
2002.5,0.47,-0.37,2.66,-1.04
2002.5833,0.47,-0.37,2.7,-1.05
2002.6667,0.47,-0.37,2.74,-1.05
2002.75,0.47,-0.37,2.78,-1.06
2002.8333,0.47,-0.37,2.82,-1.06
2002.9167,0.47,-0.37,2.86,-1.07
2003,0.58,-0.38,2.9,-1.07
2003.0833,0.6,-0.37,2.95,-1.08
2003.1667,0.62,-0.37,3,-1.09
2003.25,0.6,-0.34,3.05,-1.09
2003.3333,0.6,-0.34,3.1,-1.09
2003.4167,0.6,-0.34,3.15,-1.1
2003.5,0.6,-0.34,3.2,-1.1
2003.5833,0.62,-0.34,3.26,-1.11
2003.6667,0.63,-0.34,3.31,-1.11
2003.75,0.71,-0.35,3.37,-1.12
2003.8333,0.7,-0.35,3.43,-1.12
2003.9167,0.68,-0.35,3.48,-1.12
2004,0.68,-0.35,3.54,-1.13
2004.0833,0.68,-0.35,3.6,-1.13
2004.1667,0.69,-0.35,3.65,-1.14
2004.25,0.7,-0.35,3.71,-1.14
2004.3333,0.7,-0.35,3.77,-1.15
2004.4167,0.7,-0.36,3.83,-1.15
2004.5,0.7,-0.36,3.89,-1.16
2004.5833,0.71,-0.35,3.95,-1.16
2004.6667,0.71,-0.35,4.01,-1.17
2004.75,0.7,-0.35,4.06,-1.17
2004.8333,0.69,-0.35,4.12,-1.17
2004.9167,0.67,-0.35,4.18,-1.18
2005,0.7,-0.34,4.24,-1.18
2005.0833,0.69,-0.34,4.29,-1.19
2005.1667,0.69,-0.34,4.35,-1.19
2005.25,0.7,-0.34,4.41,-1.19
2005.3333,0.7,-0.34,4.47,-1.2
2005.4167,0.7,-0.34,4.53,-1.2
2005.5,0.7,-0.34,4.59,-1.21
2005.5833,0.72,-0.34,4.65,-1.21
2005.6667,0.73,-0.34,4.71,-1.21
2005.75,0.73,-0.34,4.77,-1.22
2005.8333,0.73,-0.34,4.83,-1.22
2005.9167,0.72,-0.34,4.89,-1.23
2006,0.78,-0.35,4.95,-1.23
2006.0833,0.79,-0.34,5.02,-1.24
2006.1667,0.8,-0.35,5.09,-1.24
2006.25,0.82,-0.35,5.15,-1.24
2006.3333,0.88,-0.35,5.23,-1.25
2006.4167,0.89,-0.35,5.3,-1.25
2006.5,0.9,-0.35,5.38,-1.26
2006.5833,0.92,-0.35,5.45,-1.26
2006.6667,0.93,-0.35,5.53,-1.26
2006.75,0.93,-0.35,5.61,-1.27
2006.8333,0.93,-0.35,5.69,-1.27
2006.9167,0.93,-0.35,5.76,-1.28
2007,0.96,-0.34,5.84,-1.28
2007.0833,0.97,-0.34,5.92,-1.28
2007.1667,0.99,-0.34,6.01,-1.29
2007.25,1,-0.34,6.09,-1.29
2007.3333,1.01,-0.34,6.17,-1.29
2007.4167,1.01,-0.34,6.26,-1.3
2007.5,1.01,-0.33,6.34,-1.3
2007.5833,1.01,-0.34,6.43,-1.31
2007.6667,1.01,-0.33,6.51,-1.31
2007.75,1,-0.34,6.59,-1.31
2007.8333,1,-0.34,6.68,-1.32
2007.9167,0.98,-0.34,6.76,-1.32
2008,0.98,-0.35,6.84,-1.32
2008.0833,0.97,-0.35,6.92,-1.33
2008.1667,0.97,-0.36,7,-1.33
2008.25,0.98,-0.37,7.08,-1.34
2008.3333,0.98,-0.37,7.17,-1.34
2008.4167,0.98,-0.37,7.25,-1.34
2008.5,0.98,-0.37,7.33,-1.35
2008.5833,0.98,-0.37,7.41,-1.35
2008.6667,0.98,-0.37,7.49,-1.36
2008.75,0.98,-0.37,7.57,-1.36
2008.8333,0.99,-0.37,7.66,-1.37
2008.9167,0.98,-0.36,7.74,-1.37
2009,0.96,-0.37,7.82,-1.37
2009.0833,0.96,-0.37,7.9,-1.38
2009.1667,0.98,-0.38,7.98,-1.38
2009.25,0.99,-0.39,8.06,-1.39
2009.3333,1.03,-0.39,8.15,-1.39
2009.4167,1.04,-0.39,8.23,-1.4
2009.5,1.04,-0.39,8.32,-1.4
2009.5833,1.06,-0.39,8.41,-1.4
2009.6667,1.07,-0.39,8.5,-1.41
2009.75,1.07,-0.4,8.59,-1.41
2009.8333,1.12,-0.4,8.68,-1.42
2009.9167,1.12,-0.4,8.77,-1.42
2010,1.23,-0.39,8.88,-1.43
2010.0833,1.24,-0.39,8.98,-1.43
2010.1667,1.26,-0.38,9.08,-1.44
2010.25,1.26,-0.38,9.19,-1.44
2010.3333,1.26,-0.37,9.29,-1.44
2010.4167,1.26,-0.37,9.4,-1.45
2010.5,1.26,-0.37,9.5,-1.45
2010.5833,1.32,-0.35,9.61,-1.46
2010.6667,1.33,-0.35,9.72,-1.46
2010.75,1.33,-0.35,9.84,-1.46
2010.8333,1.32,-0.35,9.95,-1.47
2010.9167,1.32,-0.35,10.05,-1.47
2011,1.4,-0.36,10.17,-1.47
2011.0833,1.4,-0.36,10.29,-1.48
2011.1667,1.4,-0.36,10.4,-1.48
2011.25,1.4,-0.37,10.52,-1.48
2011.3333,1.41,-0.37,10.64,-1.49
2011.4167,1.41,-0.37,10.76,-1.49
2011.5,1.41,-0.37,10.87,-1.5
2011.5833,1.41,-0.37,10.99,-1.5
2011.6667,1.41,-0.37,11.11,-1.5
2011.75,1.4,-0.37,11.23,-1.51
2011.8333,1.39,-0.38,11.34,-1.51
2011.9167,1.37,-0.38,11.46,-1.52
2012,1.31,-0.39,11.57,-1.52
2012.0833,1.33,-0.4,11.68,-1.52
2012.1667,1.33,-0.39,11.79,-1.53
2012.25,1.34,-0.39,11.9,-1.53
2012.3333,1.41,-0.39,12.02,-1.54
2012.4167,1.41,-0.38,12.13,-1.54
2012.5,1.35,-0.38,12.25,-1.54
2012.5833,1.35,-0.38,12.36,-1.55
2012.6667,1.34,-0.38,12.47,-1.55
2012.75,1.32,-0.39,12.58,-1.56
2012.8333,1.3,-0.38,12.69,-1.56
2012.9167,1.28,-0.38,12.79,-1.56
2013,1.11,-0.37,12.89,-1.57
2013.0833,1.12,-0.37,12.98,-1.57
2013.1667,1.13,-0.37,13.07,-1.58
2013.25,1.12,-0.38,13.17,-1.58
2013.3333,1.12,-0.38,13.26,-1.58
2013.4167,1.11,-0.38,13.35,-1.59
2013.5,1.11,-0.38,13.45,-1.59
2013.5833,1.11,-0.38,13.54,-1.59
2013.6667,1.11,-0.39,13.63,-1.6
2013.75,1.1,-0.38,13.72,-1.6
2013.8333,1.09,-0.37,13.81,-1.61
2013.9167,1.09,-0.37,13.9,-1.61
2014,1.03,-0.35,13.99,-1.61
2014.0833,1.03,-0.34,14.08,-1.61
2014.1667,1.05,-0.34,14.16,-1.62
2014.25,1.06,-0.34,14.25,-1.62
2014.3333,1.06,-0.34,14.34,-1.62
2014.4167,1.06,-0.34,14.43,-1.63
2014.5,1.07,-0.34,14.52,-1.63
2014.5833,1.08,-0.34,14.61,-1.63
2014.6667,1.08,-0.34,14.7,-1.64
2014.75,1.08,-0.34,14.79,-1.64
2014.8333,1.08,-0.34,14.88,-1.64
2014.9167,1.07,-0.34,14.97,-1.64
2015,0.98,-0.34,15.05,-1.65
2015.0833,0.87,-0.34,15.12,-1.65
2015.1667,0.87,-0.35,15.19,-1.65
2015.25,0.87,-0.35,15.27,-1.66
2015.3333,0.87,-0.35,15.34,-1.66
2015.4167,0.87,-0.35,15.41,-1.66
2015.5,0.86,-0.36,15.48,-1.67
2015.5833,0.87,-0.36,15.56,-1.67
2015.6667,0.87,-0.36,15.63,-1.67
2015.75,0.87,-0.37,15.7,-1.68
2015.8333,0.85,-0.37,15.77,-1.68
2015.9167,0.83,-0.37,15.84,-1.68
2016,0.67,-0.37,15.9,-1.69
2016.0833,0.67,-0.36,15.95,-1.69
2016.1667,0.67,-0.36,16.01,-1.69
2016.25,0.67,-0.36,16.06,-1.7
2016.3333,0.66,-0.36,16.12,-1.7
2016.4167,0.66,-0.35,16.17,-1.7
2016.5,0.65,-0.35,16.23,-1.7
2016.5833,0.65,-0.36,16.28,-1.71
2016.6667,0.65,-0.36,16.34,-1.71
2016.75,0.64,-0.36,16.39,-1.71
2016.8333,0.6,-0.36,16.44,-1.72
2016.9167,0.6,-0.36,16.49,-1.72
2017,0.48,-0.36,16.53,-1.72
2017.0833,0.48,-0.37,16.57,-1.73
2017.1667,0.48,-0.37,16.61,-1.73
2017.25,0.49,-0.37,16.65,-1.73
2017.3333,0.41,-0.37,16.68,-1.74
2017.4167,0.42,-0.37,16.72,-1.74
2017.5,0.43,-0.37,16.75,-1.74
2017.5833,0.44,-0.37,16.79,-1.75
2017.6667,0.45,-0.36,16.83,-1.75
2017.75,0.45,-0.36,16.87,-1.75
2017.8333,0.45,-0.36,16.9,-1.76
2017.9167,0.45,-0.35,16.94,-1.76
2018,0.76,-0.37,17,-1.76
2018.0833,0.78,-0.36,17.07,-1.76
2018.1667,0.79,-0.36,17.14,-1.77
2018.25,0.79,-0.39,17.2,-1.77
2018.3333,0.8,-0.4,17.27,-1.78
2018.4167,0.81,-0.41,17.34,-1.78
2018.5,0.82,-0.41,17.4,-1.78
2018.5833,1.25,-0.46,17.51,-1.79
2018.6667,1.27,-0.46,17.61,-1.79
2018.75,1.3,-0.45,17.72,-1.8
2018.8333,1.33,-0.45,17.83,-1.8
2018.9167,1.37,-0.44,17.95,-1.81
2019,1.86,-0.45,18.1,-1.81
2019.0833,1.72,-0.44,18.24,-1.82
2019.1667,1.69,-0.46,18.39,-1.82
2019.25,1.68,-0.46,18.53,-1.83
2019.3333,1.68,-0.46,18.67,-1.83
2019.4167,1.68,-0.46,18.81,-1.83
2019.5,1.68,-0.46,18.95,-1.84
2019.5833,1.68,-0.46,19.09,-1.84
2019.6667,1.68,-0.46,19.23,-1.85
2019.75,1.68,-0.46,19.37,-1.85
2019.8333,1.68,-0.46,19.51,-1.86
2019.9167,1.68,-0.46,19.65,-1.86
2020,1.68,-0.46,19.79,-1.87
2020.0833,1.33,-0.56,19.9,-1.87
2020.1667,1.33,-0.56,20.01,-1.88
2020.25,1.33,-0.56,20.12,-1.89
2020.3333,1.33,-0.56,20.23,-1.9
2020.4167,1.33,-0.56,20.34,-1.9
2020.5,1.33,-0.56,20.45,-1.91
2020.5833,1.33,-0.56,20.56,-1.92
2020.6667,1.33,-0.56,20.68,-1.92
2020.75,1.33,-0.56,20.79,-1.93
2020.8333,1.33,-0.56,20.9,-1.94
2020.9167,1.33,-0.56,21.01,-1.94
